-- ========== GENRES (40) ==========
INSERT INTO genre (genre_name) VALUES
('Science Fiction'),
('Fantasy'),
('Mystery'),
('Thriller'),
('Romance'),
('Historical Fiction'),
('Horror'),
('Biography'),
('Self-Help'),
('Philosophy'),
('Travel'),
('Poetry'),
('Drama'),
('Adventure'),
('Young Adult'),
('Children''s Literature'),
('Non-Fiction'),
('Technology'),
('Business'),
('Health & Wellness'),
('Crime'),
('Satire'),
('Graphic Novel'),
('Religion & Spirituality'),
('Memoir'),
('Political'),
('Cooking'),
('Art & Photography'),
('Music'),
('Sports'),
('Gardening'),
('Nature'),
('Parenting'),
('Education'),
('Economics'),
('Environment'),
('Law'),
('Science'),
('Comics'),
('Dystopian');


-- ========== AUTHORS (40) ==========
INSERT INTO author (author_name, author_age, author_dob, nationality, bio) VALUES
('Asha Iyer', 54, '1971-03-10', 'Indian', JSON_OBJECT('style','Literary Fiction','notable','A Quiet Monsoon')),
('Ravi Prakash', 48, '1977-05-22', 'Indian', JSON_OBJECT('style','Historical Fiction','notable','Shadows of Empire')),
('Nisha Rao', 39, '1985-09-14', 'Indian', JSON_OBJECT('style','Romance','notable','Letters to June')),
('Arjun Malhotra', 45, '1979-12-06', 'Indian', JSON_OBJECT('style','Mystery','notable','The Banyan Case')),
('Leena Menon', 41, '1982-07-19', 'Indian', JSON_OBJECT('style','Fantasy','notable','The Lantern of Kaveri')),
('Kabir Singh', 50, '1973-01-03', 'Indian', JSON_OBJECT('style','Thriller','notable','Night Protocol')),
('Sofia Mendes', 62, '1961-11-20', 'Brazilian', JSON_OBJECT('style','Biography','notable','A Life Unfolded')),
('Michael Andrews', 57, '1966-04-11', 'American', JSON_OBJECT('style','Science','notable','Machines and Minds')),
('Hiro Tanaka', 46, '1978-02-02', 'Japanese', JSON_OBJECT('style','Speculative Fiction','notable','City of Echoes')),
('Fatima Qureshi', 43, '1981-06-30', 'Indian', JSON_OBJECT('style','Poetry','notable','Seasons of Salt')),
('Daniel Carter', 55, '1969-09-09', 'British', JSON_OBJECT('style','History','notable','Rivers and Revolutions')),
('Aria Patel', 36, '1988-08-20', 'Indian', JSON_OBJECT('style','Young Adult','notable','Summer at Sea')),
('Omar Khan', 49, '1975-10-16', 'Pakistani', JSON_OBJECT('style','Political Fiction','notable','Borderlines')),
('Rohit Ghosh', 52, '1972-12-01', 'Indian', JSON_OBJECT('style','Non-Fiction','notable','Market Signals')),
('Helena Rossi', 60, '1964-05-27', 'Italian', JSON_OBJECT('style','Travel','notable','Footprints in Tuscany')),
('Priyanka Desai', 38, '1986-03-05', 'Indian', JSON_OBJECT('style','Self-Help','notable','Steps to Morning')),
('Marcus Lee', 47, '1978-07-12', 'Singaporean', JSON_OBJECT('style','Technology','notable','AI For Everyone')),
('Evelyn Brooks', 63, '1960-01-18', 'Canadian', JSON_OBJECT('style','Memoir','notable','Distant Lights')),
('Vikram Seth', 71, '1952-06-20', 'Indian', JSON_OBJECT('style','Poetry','notable','A Long Poem')),
('Lucy Grant', 34, '1990-10-02', 'British', JSON_OBJECT('style','Comedy','notable','The Office of Love')),
('Sanjay Nair', 44, '1979-04-02', 'Indian', JSON_OBJECT('style','Crime','notable','Midnight Lines')),
('Zara Khan', 40, '1984-11-04', 'Indian', JSON_OBJECT('style','Graphic Novel','notable','Ink Streets')),
('Ethan Wright', 59, '1966-02-13', 'American', JSON_OBJECT('style','Business','notable','Scaling Upwards')),
('Meera Sinha', 37, '1988-01-29', 'Indian', JSON_OBJECT('style','Children','notable','The Little Banyan')),
('Hassan Ali', 51, '1974-09-30', 'Egyptian', JSON_OBJECT('style','Philosophy','notable','On Being')),
('Carla Mendes', 45, '1979-06-12', 'Portuguese', JSON_OBJECT('style','Cooking','notable','Olive & Flame')),
('Leo Novak', 58, '1967-08-08', 'Polish', JSON_OBJECT('style','Drama','notable','Broken Windows')),
('Sana Iqbal', 42, '1982-02-17', 'Indian', JSON_OBJECT('style','Spirituality','notable','Quiet Waters')),
('Jon Park', 35, '1990-11-11', 'Korean', JSON_OBJECT('style','Graphic Novel','notable','Paper Skies')),
('Rhea Shah', 33, '1991-07-07', 'Indian', JSON_OBJECT('style','Young Adult','notable','City of Birds')),
('Oksana Petrov', 55, '1969-03-03', 'Ukrainian', JSON_OBJECT('style','War History','notable','Cold Fronts')),
('Nandita Roy', 48, '1977-10-01', 'Indian', JSON_OBJECT('style','Environment','notable','River Keepers')),
('Peter Jones', 61, '1959-05-05', 'Australian', JSON_OBJECT('style','Sports','notable','Beyond The Pitch')),
('Lina Gomez', 39, '1986-04-14', 'Mexican', JSON_OBJECT('style','Romance','notable','Café at Dawn')),
('Abdul Rahman', 53, '1970-12-12', 'Saudi', JSON_OBJECT('style','Religion','notable','Paths of Light')),
('Gita Menon', 67, '1958-09-09', 'Indian', JSON_OBJECT('style','Classic','notable','The Monsoon House')),
('Noah Williams', 41, '1983-01-20', 'American', JSON_OBJECT('style','Technology','notable','Code and Society')),
('Anita Kapoor', 46, '1978-11-01', 'Indian', JSON_OBJECT('style','Health','notable','Breathe & Move')),
('Tao Liu', 50, '1974-06-06', 'Chinese', JSON_OBJECT('style','Science Fiction','notable','Red River Station')),
('Maya Fernandes', 43, '1981-02-02', 'Indian', JSON_OBJECT('style','Poetry','notable','Salt and Song')),
('Kunal Bhatt', 35, '1990-08-08', 'Indian', JSON_OBJECT('style','Economics','notable','The Hidden Ledger'));


-- ========== CUSTOMERS (40) ==========
INSERT INTO customer (customer_name, phn_num, email_id, address, customer_gender, preferences, is_active) VALUES
('Rohit Sharma', '9876500001', 'rohit.sharma@example.com', '12 MG Road, Bengaluru', 'M', JSON_OBJECT('favorites', JSON_ARRAY('Science Fiction','Technology'), 'most_read', 'Tao Liu: Red River Station'), 1),
('Priya Kapoor', '9876500002', 'priya.kapoor@example.com', '45 Anna Nagar, Chennai', 'F', JSON_OBJECT('favorites', JSON_ARRAY('Romance','Poetry'), 'most_read', 'Lina Gomez: Café at Dawn'), 1),
('Anil Menon', '9876500003', 'anil.menon@example.com', '89 Jubilee Hills, Hyderabad', 'M', JSON_OBJECT('favorites', JSON_ARRAY('Mystery','Thriller'), 'most_read', 'Arjun Malhotra: The Banyan Case'), 1),
('Sneha Rao', '9876500004', 'sneha.rao@example.com', '23 Marine Drive, Mumbai', 'F', JSON_OBJECT('favorites', JSON_ARRAY('Children''s Literature','Poetry'), 'most_read', 'Meera Sinha: The Little Banyan'), 1),
('Vikram Patel', '9876500005', 'vikram.patel@example.com', '78 Sector 17, Gurgaon', 'M', JSON_OBJECT('favorites', JSON_ARRAY('Non-Fiction','Business'), 'most_read', 'Ethan Wright: Scaling Upwards'), 1),
('Deepa Nair', '9876500006', 'deepa.nair@example.com', '11 Vyttila, Kochi', 'F', JSON_OBJECT('favorites', JSON_ARRAY('Fantasy','Young Adult'), 'most_read', 'Aria Patel: Summer at Sea'), 1),
('Karan Verma', '9876500007', 'karan.verma@example.com', '55 Brigade Road, Bangalore', 'M', JSON_OBJECT('favorites', JSON_ARRAY('History','Biography'), 'most_read', 'Daniel Carter: Rivers and Revolutions'), 1),
('Meera Singh', '9876500008', 'meera.singh@example.com', '9 Civil Lines, Delhi', 'F', JSON_OBJECT('favorites', JSON_ARRAY('Drama','Romance'), 'most_read', 'Nisha Rao: Letters to June'), 1),
('Rahul Desai', '9876500009', 'rahul.desai@example.com', '101 FC Road, Pune', 'M', JSON_OBJECT('favorites', JSON_ARRAY('Science','Philosophy'), 'most_read', 'Hassan Ali: On Being'), 1),
('Divya Ramesh', '9876500010', 'divya.ramesh@example.com', '67 Race Course, Coimbatore', 'F', JSON_OBJECT('favorites', JSON_ARRAY('Self-Help','Health & Wellness'), 'most_read', 'Anita Kapoor: Breathe & Move'), 1),
('Siddharth Gupta', '9876500011', 'siddharth.gupta@example.com', '34 Park Street, Kolkata', 'M', JSON_OBJECT('favorites', JSON_ARRAY('Crime','Mystery'), 'most_read', 'Sanjay Nair: Midnight Lines'), 1),
('Lakshmi Iyer', '9876500012', 'lakshmi.iyer@example.com', '7 Besant Nagar, Chennai', 'F', JSON_OBJECT('favorites', JSON_ARRAY('Children''s Literature','Adventure'), 'most_read', 'The Magic Carousel'), 1),
('Aditya Shah', '9876500013', 'aditya.shah@example.com', '44 Charminar, Hyderabad', 'M', JSON_OBJECT('favorites', JSON_ARRAY('Business','Economics'), 'most_read', 'Kunal Bhatt: The Hidden Ledger'), 1),
('Neha Joshi', '9876500014', 'neha.joshi@example.com', '14 Connaught Place, Delhi', 'F', JSON_OBJECT('favorites', JSON_ARRAY('Poetry','Drama'), 'most_read', 'Maya Fernandes: Salt and Song'), 1),
('Manish Rao', '9876500015', 'manish.rao@example.com', '28 Gandhinagar, Bangalore', 'M', JSON_OBJECT('favorites', JSON_ARRAY('Travel','Adventure'), 'most_read', 'Helena Rossi: Footprints in Tuscany'), 1),
('Pooja Kulkarni', '9876500016', 'pooja.kulkarni@example.com', '77 Shivaji Nagar, Pune', 'F', JSON_OBJECT('favorites', JSON_ARRAY('Cooking','Arts'), 'most_read', 'Carla Mendes: Olive & Flame'), 1),
('Ashwin Reddy', '9876500017', 'ashwin.reddy@example.com', '59 Banjara Hills, Hyderabad', 'M', JSON_OBJECT('favorites', JSON_ARRAY('Technology','Science Fiction'), 'most_read', 'Noah Williams: Code and Society'), 1),
('Ritika Das', '9876500018', 'ritika.das@example.com', '18 Ballygunge, Kolkata', 'F', JSON_OBJECT('favorites', JSON_ARRAY('Philosophy','Poetry'), 'most_read', 'Hassan Ali: On Being'), 1),
('Varun Patel', '9876500019', 'varun.patel@example.com', '81 CG Road, Ahmedabad', 'M', JSON_OBJECT('favorites', JSON_ARRAY('Sports','Health & Wellness'), 'most_read', 'Peter Jones: Beyond The Pitch'), 1),
('Shreya Ghosh', '9876500020', 'shreya.ghosh@example.com', '90 Park Circus, Kolkata', 'F', JSON_OBJECT('favorites', JSON_ARRAY('Young Adult','Romance'), 'most_read', 'Rhea Shah: City of Birds'), 1),
('Kavya Nair', '9876500021', 'kavya.nair@example.com', '12 Nehru Road, Kochi', 'F', JSON_OBJECT('favorites', JSON_ARRAY('Fantasy','Graphic Novel'), 'most_read', 'Jon Park: Paper Skies'), 1),
('Amit Joshi', '9876500022', 'amit.joshi@example.com', '5 Marine Lines, Mumbai', 'M', JSON_OBJECT('favorites', JSON_ARRAY('Mystery','Crime'), 'most_read', 'Arjun Malhotra: The Banyan Case'), 1),
('Sonal Mehta', '9876500023', 'sonal.mehta@example.com', '66 Bhopal Street, Bhopal', 'F', JSON_OBJECT('favorites', JSON_ARRAY('Memoir','Biography'), 'most_read', 'Evelyn Brooks: Distant Lights'), 1),
('Rakesh Kumar', '9876500024', 'rakesh.kumar@example.com', '8 MG Road, Chennai', 'M', JSON_OBJECT('favorites', JSON_ARRAY('Business','Self-Help'), 'most_read', 'Ethan Wright: Code and Society'), 1),
('Tanya Sen', '9876500025', 'tanya.sen@example.com', '91 Lalbagh, Bangalore', 'F', JSON_OBJECT('favorites', JSON_ARRAY('Children''s Literature','Poetry'), 'most_read', 'Meera Sinha: The Little Banyan'), 1),
('Kunal Malhotra', '9876500026', 'kunal.malhotra@example.com', '37 Shivaji Road, Pune', 'M', JSON_OBJECT('favorites', JSON_ARRAY('Politics','History'), 'most_read', 'Oksana Petrov: Cold Fronts'), 1),
('Rhea Gupta', '9876500027', 'rhea.gupta@example.com', '50 MG Road, Gurgaon', 'F', JSON_OBJECT('favorites', JSON_ARRAY('Romance','Drama'), 'most_read', 'Nisha Rao: Letters to June'), 1),
('Saurabh Bhat', '9876500028', 'saurabh.bhat@example.com', '21 Bazaars, Ahmedabad', 'M', JSON_OBJECT('favorites', JSON_ARRAY('Technology','Business'), 'most_read', 'Marcus Lee: AI For Everyone'), 1),
('Isha Rao', '9876500029', 'isha.rao@example.com', '14 Ellis Road, Kolkata', 'F', JSON_OBJECT('favorites', JSON_ARRAY('Poetry','Philosophy'), 'most_read', 'Fatima Qureshi: Seasons of Salt'), 1),
('Nitin Shah', '9876500030', 'nitin.shah@example.com', '2 Gandhi Street, Surat', 'M', JSON_OBJECT('favorites', JSON_ARRAY('Gardening','Nature'), 'most_read', 'Nandita Roy: River Keepers'), 1),
('Ankita Bose', '9876500031', 'ankita.bose@example.com', '77 Dockyard Road, Mumbai', 'F', JSON_OBJECT('favorites', JSON_ARRAY('Cooking','Travel'), 'most_read', 'Carla Mendes: Olive & Flame'), 1),
('Mohan Lal', '9876500032', 'mohan.lal@example.com', '99 Old Town, Varanasi', 'M', JSON_OBJECT('favorites', JSON_ARRAY('Religion & Spirituality','Philosophy'), 'most_read', 'Abdul Rahman: Paths of Light'), 1),
('Seema Roy', '9876500033', 'seema.roy@example.com', '65 New Market, Kolkata', 'F', JSON_OBJECT('favorites', JSON_ARRAY('Drama','Classic'), 'most_read', 'Gita Menon: The Monsoon House'), 1),
('Vineet Arora', '9876500034', 'vineet.arora@example.com', '33 Flower Street, Indore', 'M', JSON_OBJECT('favorites', JSON_ARRAY('Comics','Graphic Novel'), 'most_read', 'Zara Khan: Ink Streets'), 1),
('Maya Pillai', '9876500035', 'maya.pillai@example.com', '28 Harbor Rd, Kochi', 'F', JSON_OBJECT('favorites', JSON_ARRAY('Health & Wellness','Self-Help'), 'most_read', 'Anita Kapoor: Breathe & Move'), 1),
('Tarun Nanda', '9876500036', 'tarun.nanda@example.com', '18 College St, Delhi', 'M', JSON_OBJECT('favorites', JSON_ARRAY('Science Fiction','Dystopian'), 'most_read', 'Hiro Tanaka: City of Echoes'), 1),
('Siddhi Khanna', '9876500037', 'siddhi.khanna@example.com', '46 Hillview, Pune', 'F', JSON_OBJECT('favorites', JSON_ARRAY('Young Adult','Adventure'), 'most_read', 'Starlight Academy'), 1),
('Ritu Anand', '9876500038', 'ritu.anand@example.com', '73 Lake View, Bhopal', 'F', JSON_OBJECT('favorites', JSON_ARRAY('History','Biography'), 'most_read', 'Daniel Carter: Rivers and Revolutions'), 1),
('Aravind K', '9876500039', 'aravind.k@example.com', '5 Park Lane, Chennai', 'M', JSON_OBJECT('favorites', JSON_ARRAY('Mystery','Crime'), 'most_read', 'Sanjay Nair: Midnight Lines'), 1),
('Bhavna S', '9876500040', 'bhavna.s@example.com', '26 Central Rd, Mumbai', 'F', JSON_OBJECT('favorites', JSON_ARRAY('Romance','Young Adult'), 'most_read', 'Rhea Shah: City of Birds'), 1);


-- ========== BOOKS (80) ==========
INSERT INTO books (title, author_id, genre_id, book_price, publish_date, stock_quantity, book_details) VALUES
('Galactic Frontiers', 1, 1, 399.00, '2019-05-12', 120, JSON_OBJECT('edition','1st','language','English','format','Paperback','publisher','Orion Press','keywords', JSON_ARRAY('space','exploration','future'))),
('Beyond the Black Hole', 1, 1, 449.00, '2021-02-22', 95, JSON_OBJECT('edition','2nd','language','English','format','Hardcover','publisher','Orion Press','keywords', JSON_ARRAY('cosmos','physics'))),
('City of Echoes', 9, 1, 349.00, '2018-09-09', 60, JSON_OBJECT('edition','1st','language','English','format','Paperback','publisher','Echo House','keywords', JSON_ARRAY('speculative','urban'))),
('Red River Station', 36, 1, 429.00, '2022-10-01', 80, JSON_OBJECT('edition','1st','language','English','format','Hardcover','publisher','New Dawn','keywords', JSON_ARRAY('cyberpunk','asia'))),
('The AI Revolution', 17, 18, 499.00, '2023-05-05', 140, JSON_OBJECT('edition','1st','language','English','format','Hardcover','publisher','TechFuture','keywords', JSON_ARRAY('AI','machine-learning'))),

('Dreams of Eldoria', 5, 2, 349.00, '2021-03-08', 200, JSON_OBJECT('edition','2nd','language','English','format','Hardcover','publisher','Mythic House','keywords', JSON_ARRAY('magic','kingdom','prophecy'))),
('The Dragon''s Oath', 5, 2, 299.00, '2019-09-15', 150, JSON_OBJECT('edition','1st','language','English','format','Paperback','publisher','Mythic House','keywords', JSON_ARRAY('dragons','oath'))),
('Starlight Academy', 12, 15, 199.00, '2022-01-15', 300, JSON_OBJECT('edition','1st','language','English','format','Paperback','publisher','Teen Reads','keywords', JSON_ARRAY('school','magic','friendship'))),
('Wings of Tomorrow', 15, 2, 220.00, '2019-09-01', 210, JSON_OBJECT('edition','1st','language','English','format','Paperback','publisher','Teen Reads','keywords', JSON_ARRAY('future','hope'))),
('The Lantern of Kaveri', 5, 2, 279.00, '2017-11-11', 70, JSON_OBJECT('edition','1st','language','English','format','Hardcover','publisher','Kaveri Books','keywords', JSON_ARRAY('myth','river'))),

('Whispers in the Fog', 4, 3, 249.00, '2018-11-22', 85, JSON_OBJECT('edition','1st','language','English','format','Paperback','publisher','Cloak & Dagger','keywords', JSON_ARRAY('mystery','detective'))),
('Murder on Elm Street', 4, 3, 219.00, '2019-06-09', 120, JSON_OBJECT('edition','1st','language','English','format','Paperback','publisher','Cloak & Dagger','keywords', JSON_ARRAY('crime','suspense'))),
('The Banyan Case', 4, 3, 289.00, '2016-04-01', 50, JSON_OBJECT('edition','3rd','language','English','format','Hardcover','publisher','Mystery Guild','keywords', JSON_ARRAY('investigation','small-town'))),
('Shadows in the Fog', 4, 3, 239.00, '2020-10-10', 70, JSON_OBJECT('edition','1st','language','English','format','Ebook','publisher','Mystery Guild','keywords', JSON_ARRAY('mystery','fog'))),
('The Midnight Caller', 7, 7, 199.00, '2019-10-31', 60, JSON_OBJECT('edition','1st','language','English','format','Paperback','publisher','Nightshade Press','keywords', JSON_ARRAY('ghost','supernatural'))),

('Edge of Deception', 6, 4, 279.00, '2020-07-19', 95, JSON_OBJECT('edition','1st','language','English','format','Ebook','publisher','Pulse Thrillers','keywords', JSON_ARRAY('espionage','suspense'))),
('Night Protocol', 6, 4, 319.00, '2018-02-12', 80, JSON_OBJECT('edition','2nd','language','English','format','Hardcover','publisher','Pulse Thrillers','keywords', JSON_ARRAY('thriller','spy'))),
('Silent Betrayal', 6, 4, 249.00, '2017-04-18', 50, JSON_OBJECT('edition','1st','language','English','format','Paperback','publisher','Spycraft','keywords', JSON_ARRAY('betrayal','government'))),
('The Last Agent', 6, 4, 269.00, '2021-12-01', 40, JSON_OBJECT('edition','1st','language','English','format','Hardcover','publisher','Spycraft','keywords', JSON_ARRAY('agent','action'))),
('Midnight Lines', 21, 21, 219.00, '2019-05-05', 90, JSON_OBJECT('edition','1st','language','English','format','Paperback','publisher','Crime House','keywords', JSON_ARRAY('crime','noir'))),

('Letters from the Heart', 3, 5, 179.00, '2017-02-14', 60, JSON_OBJECT('edition','1st','language','English','format','Paperback','publisher','Amour Press','keywords', JSON_ARRAY('romance','relationships'))),
('A Love Beyond Time', 3, 5, 159.00, '2017-08-09', 40, JSON_OBJECT('edition','1st','language','English','format','Ebook','publisher','Romantica','keywords', JSON_ARRAY('time','romance'))),
('Café at Dawn', 32, 5, 199.00, '2020-07-07', 45, JSON_OBJECT('edition','1st','language','English','format','Paperback','publisher','Luz Press','keywords', JSON_ARRAY('cafe','romance'))),
('Lina''s Letters', 32, 5, 169.00, '2018-12-12', 30, JSON_OBJECT('edition','1st','language','English','format','Paperback','publisher','Luz Press','keywords', JSON_ARRAY('letters','love'))),
('Letters to June', 3, 5, 189.00, '2015-03-03', 25, JSON_OBJECT('edition','2nd','language','English','format','Paperback','publisher','Heartstrings','keywords', JSON_ARRAY('romance','classic'))),

('Shadows of Rome', 2, 6, 239.00, '2016-09-01', 70, JSON_OBJECT('edition','3rd','language','English','format','Hardcover','publisher','Imperium Books','keywords', JSON_ARRAY('empire','history'))),
('Empire of Ashes', 2, 6, 259.00, '2021-12-12', 55, JSON_OBJECT('edition','1st','language','English','format','Hardcover','publisher','Imperium Books','keywords', JSON_ARRAY('ancient','rulers'))),
('War and Memory', 2, 6, 299.00, '2014-06-06', 35, JSON_OBJECT('edition','1st','language','English','format','Paperback','publisher','Imperium Books','keywords', JSON_ARRAY('war','memoir'))),
('Rise of the Pharaohs', 2, 6, 279.00, '2022-04-20', 80, JSON_OBJECT('edition','1st','language','English','format','Hardcover','publisher','Ancient Times','keywords', JSON_ARRAY('egypt','history'))),
('Cold Fronts', 30, 26, 249.00, '2015-11-11', 40, JSON_OBJECT('edition','1st','language','English','format','Paperback','publisher','Eastern Press','keywords', JSON_ARRAY('war','analysis'))),

('The Shining', 8, 7, 299.00, '1977-01-28', 65, JSON_OBJECT('edition','1st','language','English','format','Hardcover','publisher','Nightmare Press','keywords', JSON_ARRAY('horror','psychological'))),
('Whispers from the Dark', 7, 7, 169.00, '2019-11-25', 50, JSON_OBJECT('edition','1st','language','English','format','Paperback','publisher','Nightshade Press','keywords', JSON_ARRAY('haunted','lighthouse'))),
('The Haunted Lighthouse', 7, 7, 149.00, '2018-10-05', 30, JSON_OBJECT('edition','1st','language','English','format','Paperback','publisher','Nightshade Press','keywords', JSON_ARRAY('ghosts','sea'))),
('The Midnight Hour', 7, 7, 179.00, '2020-10-31', 45, JSON_OBJECT('edition','1st','language','English','format','Ebook','publisher','Nightshade Press','keywords', JSON_ARRAY('midnight','calls'))),
('Whispers from the Woods', 7, 7, 159.00, '2016-08-08', 20, JSON_OBJECT('edition','2nd','language','English','format','Paperback','publisher','Nightshade Press','keywords', JSON_ARRAY('woods','mystery'))),

('A Life Unfolded', 6, 8, 349.00, '2022-06-18', 90, JSON_OBJECT('edition','2nd','language','English','format','Hardcover','publisher','True Stories','keywords', JSON_ARRAY('biography','inspiration'))),
('Legacy of a Visionary', 6, 8, 329.00, '2021-06-14', 70, JSON_OBJECT('edition','1st','language','English','format','Hardcover','publisher','Biogreat','keywords', JSON_ARRAY('leader','life'))),
('Walking with Giants', 6, 8, 319.00, '2020-05-14', 55, JSON_OBJECT('edition','1st','language','English','format','Hardcover','publisher','True Stories','keywords', JSON_ARRAY('giants','mentors'))),
('Evelyn''s Story', 6, 8, 299.00, '2019-09-01', 30, JSON_OBJECT('edition','1st','language','English','format','Paperback','publisher','True Stories','keywords', JSON_ARRAY('memoir','journey'))),
('Distant Lights', 18, 18, 279.00, '2018-05-05', 40, JSON_OBJECT('edition','1st','language','English','format','Paperback','publisher','Memoir House','keywords', JSON_ARRAY('life','distance'))),

('The Power Within', 9, 9, 179.00, '2020-01-05', 120, JSON_OBJECT('edition','1st','language','English','format','Paperback','publisher','Mindset Media','keywords', JSON_ARRAY('motivation','habits'))),
('Unlock Your Potential', 9, 9, 189.00, '2019-01-01', 90, JSON_OBJECT('edition','2nd','language','English','format','Paperback','publisher','Mindset Media','keywords', JSON_ARRAY('success','growth'))),
('Steps to Morning', 16, 9, 149.00, '2018-08-08', 40, JSON_OBJECT('edition','1st','language','English','format','Paperback','publisher','Sunrise Press','keywords', JSON_ARRAY('selfhelp','routine'))),
('Mind and Body Harmony', 20, 20, 159.00, '2018-12-12', 85, JSON_OBJECT('edition','1st','language','English','format','Paperback','publisher','Wellness House','keywords', JSON_ARRAY('health','wellness'))),
('Breathe & Move', 39, 39, 169.00, '2019-03-03', 60, JSON_OBJECT('edition','1st','language','English','format','Paperback','publisher','HealthLine','keywords', JSON_ARRAY('yoga','fitness'))),

('Echoes of Wisdom', 10, 10, 199.00, '2018-04-20', 50, JSON_OBJECT('edition','1st','language','English','format','Paperback','publisher','Philo House','keywords', JSON_ARRAY('ethics','meaning'))),
('The Thinker''s Dilemma', 10, 10, 169.00, '2017-07-07', 45, JSON_OBJECT('edition','1st','language','English','format','Paperback','publisher','Philo House','keywords', JSON_ARRAY('reasoning','logic'))),
('On Being', 25, 25, 219.00, '2016-06-06', 38, JSON_OBJECT('edition','1st','language','English','format','Hardcover','publisher','ThoughtWorks','keywords', JSON_ARRAY('existence','philosophy'))),
('Paths of Light', 31, 31, 249.00, '2015-11-11', 60, JSON_OBJECT('edition','1st','language','English','format','Hardcover','publisher','Faith Press','keywords', JSON_ARRAY('spiritual','paths'))),
('The Hidden Ledger', 40, 40, 299.00, '2021-01-20', 70, JSON_OBJECT('edition','1st','language','English','format','Hardcover','publisher','Finance House','keywords', JSON_ARRAY('economics','markets'))),

('Wandering Horizons', 11, 11, 249.00, '2021-09-14', 95, JSON_OBJECT('edition','1st','language','English','format','Hardcover','publisher','Global Travels','keywords', JSON_ARRAY('journey','culture'))),
('Journeys Unknown', 11, 11, 229.00, '2019-03-03', 70, JSON_OBJECT('edition','1st','language','English','format','Paperback','publisher','Explorer Press','keywords', JSON_ARRAY('adventure','travel'))),
('Footprints in Tuscany', 15, 15, 199.00, '2016-04-04', 30, JSON_OBJECT('edition','1st','language','English','format','Paperback','publisher','Tuscany Press','keywords', JSON_ARRAY('travel','italy'))),
('Travels with Tea', 15, 15, 169.00, '2018-09-12', 25, JSON_OBJECT('edition','1st','language','English','format','Ebook','publisher','Roam Books','keywords', JSON_ARRAY('tea','travel'))),
('The Lost Expedition', 14, 14, 279.00, '2021-08-30', 110, JSON_OBJECT('edition','1st','language','English','format','Hardcover','publisher','Adventure Works','keywords', JSON_ARRAY('exploration','jungle'))),

('Petals and Thorns', 12, 12, 119.00, '2015-05-01', 30, JSON_OBJECT('edition','1st','language','English','format','Paperback','publisher','Verse Press','keywords', JSON_ARRAY('poetry','love'))),
('Moonlit Verses', 12, 12, 99.00, '2016-11-11', 22, JSON_OBJECT('edition','1st','language','English','format','Paperback','publisher','Verse Press','keywords', JSON_ARRAY('night','emotion'))),
('Salt and Song', 36, 36, 129.00, '2018-01-01', 28, JSON_OBJECT('edition','1st','language','English','format','Paperback','publisher','Salt Press','keywords', JSON_ARRAY('poetry','salt'))),
('Seasons of Salt', 10, 12, 139.00, '2017-11-11', 24, JSON_OBJECT('edition','1st','language','English','format','Paperback','publisher','Verse Press','keywords', JSON_ARRAY('poetry','seasons'))),
('Verses of Dawn', 12, 12, 109.00, '2019-02-02', 18, JSON_OBJECT('edition','1st','language','English','format','Paperback','publisher','Verse Press','keywords', JSON_ARRAY('morning','poems'))),

('Broken Chains', 13, 13, 199.00, '2017-08-30', 80, JSON_OBJECT('edition','1st','language','English','format','Paperback','publisher','Stage & Script','keywords', JSON_ARRAY('drama','society'))),
('Curtains Rise', 13, 13, 179.00, '2018-09-05', 60, JSON_OBJECT('edition','1st','language','English','format','Hardcover','publisher','Stage & Script','keywords', JSON_ARRAY('theatre','actors'))),
('The Grand Performance', 13, 13, 189.00, '2019-06-06', 40, JSON_OBJECT('edition','1st','language','English','format','Hardcover','publisher','Stage & Script','keywords', JSON_ARRAY('play','stage'))),
('Beastly Tales', 15, 14, 159.00, '1992-01-01', 15, JSON_OBJECT('edition','1st','language','English','format','Paperback','publisher','Classic Tales','keywords', JSON_ARRAY('fables','folk'))),
('The Beautiful and Damned', 19, 13, 179.00, '1922-03-04', 12, JSON_OBJECT('edition','classic','language','English','format','Hardcover','publisher','Vintage','keywords', JSON_ARRAY('classic','social'))),

('Across the Wild Seas', 14, 14, 209.00, '2019-03-10', 90, JSON_OBJECT('edition','2nd','language','English','format','Hardcover','publisher','Oceanic Tales','keywords', JSON_ARRAY('sea','voyage'))),
('Across the Ocean', 14, 14, 189.00, '2017-07-07', 45, JSON_OBJECT('edition','1st','language','English','format','Paperback','publisher','Oceanic Tales','keywords', JSON_ARRAY('voyage','islands'))),
('The Secret Gardeners', 16, 16, 129.00, '2016-07-21', 50, JSON_OBJECT('edition','2nd','language','English','format','Hardcover','publisher','Kids World','keywords', JSON_ARRAY('children','garden'))),
('Adventures in Toyland', 16, 16, 119.00, '2017-12-05', 70, JSON_OBJECT('edition','1st','language','English','format','Hardcover','publisher','Kids World','keywords', JSON_ARRAY('toys','imagination'))),
('The Magic Carousel', 16, 16, 99.00, '2018-10-10', 120, JSON_OBJECT('edition','1st','language','English','format','Paperback','publisher','Kids World','keywords', JSON_ARRAY('children','magic'))),

('The Hobbit', 17, 17, 399.00, '1937-09-21', 200, JSON_OBJECT('edition','collector','language','English','format','Hardcover','publisher','Fantasy Classics','keywords', JSON_ARRAY('hobbit','adventure'))),
('The Fellowship of the Ring', 17, 17, 449.00, '1954-07-29', 150, JSON_OBJECT('edition','collector','language','English','format','Hardcover','publisher','Fantasy Classics','keywords', JSON_ARRAY('middle-earth','epic'))),
('The Two Towers', 17, 17, 449.00, '1954-11-11', 140, JSON_OBJECT('edition','collector','language','English','format','Hardcover','publisher','Fantasy Classics','keywords', JSON_ARRAY('war','epic'))),
('The Return of the King', 17, 17, 499.00, '1955-10-20', 120, JSON_OBJECT('edition','collector','language','English','format','Hardcover','publisher','Fantasy Classics','keywords', JSON_ARRAY('king','finale'))),
('A Suitable Boy', 15, 15, 349.00, '1993-01-01', 60, JSON_OBJECT('edition','1st','language','English','format','Hardcover','publisher','Modern Classics','keywords', JSON_ARRAY('india','epic')));

-- final chunk to reach 80
INSERT INTO books (title, author_id, genre_id, book_price, publish_date, stock_quantity, book_details) VALUES
('The Kite Runner', 12, 17, 269.00, '2003-05-29', 140, JSON_OBJECT('edition','1st','language','English','format','Paperback','publisher','Afghan Press','keywords', JSON_ARRAY('friendship','war'))),
('A Thousand Splendid Suns', 12, 17, 289.00, '2007-05-22', 130, JSON_OBJECT('edition','1st','language','English','format','Paperback','publisher','Afghan Press','keywords', JSON_ARRAY('women','war'))),
('The Alchemist', 13, 13, 229.00, '1988-04-15', 180, JSON_OBJECT('edition','1st','language','English','format','Paperback','publisher','Global Tales','keywords', JSON_ARRAY('alchemy','journey'))),
('Brida', 13, 13, 199.00, '1990-01-01', 95, JSON_OBJECT('edition','1st','language','English','format','Paperback','publisher','Global Tales','keywords', JSON_ARRAY('spiritual','quest'))),
('Foundation', 1, 1, 279.00, '1951-06-01', 160, JSON_OBJECT('edition','collector','language','English','format','Hardcover','publisher','Gnome Press','keywords', JSON_ARRAY('foundation','empire'))),
('1984', 5, 40, 199.00, '1949-06-08', 120, JSON_OBJECT('edition','classic','language','English','format','Paperback','publisher','Secker & Warburg','keywords', JSON_ARRAY('dystopia','totalitarian'))),
('Animal Farm', 5, 40, 159.00, '1945-08-17', 90, JSON_OBJECT('edition','classic','language','English','format','Paperback','publisher','Secker & Warburg','keywords', JSON_ARRAY('satire','allegory'))),
('The Da Vinci Code', 9, 4, 329.00, '2003-03-18', 110, JSON_OBJECT('edition','1st','language','English','format','Paperback','publisher','Mystic Books','keywords', JSON_ARRAY('mystery','art'))),
('Inferno', 9, 4, 319.00, '2013-05-14', 100, JSON_OBJECT('edition','1st','language','English','format','Paperback','publisher','Mystic Books','keywords', JSON_ARRAY('thriller','symbolism'))),
('Angels & Demons', 9, 4, 299.00, '2000-05-01', 80, JSON_OBJECT('edition','1st','language','English','format','Hardcover','publisher','Mystic Books','keywords', JSON_ARRAY('conspiracy','science'))),
('The God of Small Things', 10, 13, 239.00, '1997-05-04', 95, JSON_OBJECT('edition','1st','language','English','format','Paperback','publisher','Blue River','keywords', JSON_ARRAY('family','india'))),
('Midnight''s Children', 11, 6, 269.00, '1981-03-12', 60, JSON_OBJECT('edition','1st','language','English','format','Hardcover','publisher','Indian Classics','keywords', JSON_ARRAY('magic','history'))),
('The Satanic Verses', 11, 6, 279.00, '1988-09-26', 40, JSON_OBJECT('edition','1st','language','English','format','Paperback','publisher','Controversy Press','keywords', JSON_ARRAY('fiction','controversy'))),
('The Kite Runner - Special', 12, 17, 399.00, '2015-05-01', 20, JSON_OBJECT('edition','special','language','English','format','Hardcover','publisher','Afghan Press','keywords', JSON_ARRAY('illustrated','special'))),
('The Hidden Truth', 17, 17, 219.00, '2021-11-11', 85, JSON_OBJECT('edition','1st','language','English','format','Ebook','publisher','FactWorks','keywords', JSON_ARRAY('investigation','nonfiction'))),
('The Future is Quantum', 18, 18, 549.00, '2023-04-04', 200, JSON_OBJECT('edition','1st','language','English','format','Hardcover','publisher','TechFuture','keywords', JSON_ARRAY('quantum','computing'))),
('AI: Shaping Tomorrow', 17, 18, 429.00, '2022-05-05', 150, JSON_OBJECT('edition','1st','language','English','format','Paperback','publisher','TechFuture','keywords', JSON_ARRAY('AI','ethics'))),
('Mastering Leadership', 23, 19, 329.00, '2020-05-21', 90, JSON_OBJECT('edition','1st','language','English','format','Paperback','publisher','BizWorld','keywords', JSON_ARRAY('leadership','case-studies'))),
('Strategies for Success', 23, 19, 299.00, '2019-09-09', 75, JSON_OBJECT('edition','1st','language','English','format','Paperback','publisher','BizWorld','keywords', JSON_ARRAY('strategy','management'))),
('The Wellness Path', 39, 20, 189.00, '2018-03-28', 80, JSON_OBJECT('edition','1st','language','English','format','Paperback','publisher','Wellness House','keywords', JSON_ARRAY('wellness','lifestyle')));


INSERT INTO orders (customer_id, order_status, delivery_address, order_date) VALUES
(1, 'delivered', '12A MG Road, Apt 101, Chennai', '2024-01-15'),
(1, 'shipped', '12A MG Road, Apt 102, Chennai', '2024-03-20'),
(1, 'pending', '12A MG Road, Apt 105, Chennai', '2025-01-05'),

(2, 'delivered', '45 Park Street, Block B, Kolkata', '2024-02-12'),
(2, 'confirmed', '45 Park Street, Block C, Kolkata', '2024-05-18'),
(2, 'cancelled', '45 Park Street, Block D, Kolkata', '2025-02-20'),

(3, 'shipped', '78 Gandhi Road, House 7, Mumbai', '2024-03-10'),
(3, 'delivered', '78 Gandhi Road, House 9, Mumbai', '2024-06-25'),
(3, 'confirmed', '78 Gandhi Road, House 12, Mumbai', '2024-09-18'),

(4, 'delivered', '22 Residency Road, Apt 2A, Bangalore', '2024-04-01'),
(4, 'pending', '22 Residency Road, Apt 3B, Bangalore', '2024-11-15'),

(5, 'shipped', '9 Anna Salai, Tower 5, Chennai', '2024-02-28'),
(5, 'delivered', '9 Anna Salai, Tower 7, Chennai', '2024-07-21'),
(5, 'confirmed', '9 Anna Salai, Tower 10, Chennai', '2024-12-30'),

(6, 'pending', '33 Brigade Road, Apt 11, Bangalore', '2025-01-10'),
(6, 'shipped', '33 Brigade Road, Apt 14, Bangalore', '2025-02-02'),

(7, 'delivered', '100 OMR Road, Villa 3, Chennai', '2024-08-08'),
(7, 'cancelled', '100 OMR Road, Villa 5, Chennai', '2024-09-22'),
(7, 'confirmed', '100 OMR Road, Villa 6, Chennai', '2025-01-14'),

(8, 'shipped', '56 Nehru Nagar, Block A, Delhi', '2024-06-05'),
(8, 'delivered', '56 Nehru Nagar, Block B, Delhi', '2024-09-12'),

(9, 'pending', '200 MG Layout, House 8, Hyderabad', '2024-11-11'),
(9, 'delivered', '200 MG Layout, House 10, Hyderabad', '2025-01-27'),

(10, 'confirmed', '8 Ring Road, Apt 202, Pune', '2024-07-19'),
(10, 'shipped', '8 Ring Road, Apt 205, Pune', '2024-10-25'),

(11, 'delivered', '14 Cross Road, Apt 8A, Mumbai', '2024-12-05'),
(11, 'pending', '14 Cross Road, Apt 8B, Mumbai', '2025-01-16'),

(12, 'shipped', '66 Anna Nagar, Block 1, Chennai', '2024-05-02'),
(12, 'confirmed', '66 Anna Nagar, Block 2, Chennai', '2024-08-18'),

(13, 'cancelled', '5 Nungambakkam Road, Apt 4, Chennai', '2024-03-22'),
(13, 'delivered', '5 Nungambakkam Road, Apt 6, Chennai', '2024-09-08'),

(14, 'pending', '88 Race Course Road, Flat 2A, Coimbatore', '2025-02-11'),
(14, 'shipped', '88 Race Course Road, Flat 3B, Coimbatore', '2025-02-18'),

(15, 'confirmed', '11 College Road, Apt 15, Trichy', '2024-07-30'),
(15, 'delivered', '11 College Road, Apt 18, Trichy', '2024-10-12'),

(16, 'delivered', '77 Marina Road, Apt 20, Chennai', '2024-09-09'),
(16, 'pending', '77 Marina Road, Apt 22, Chennai', '2024-11-28'),

(17, 'shipped', '25 Gandhi Road, Flat 9B, Delhi', '2024-08-15'),
(17, 'delivered', '25 Gandhi Road, Flat 10C, Delhi', '2025-01-02'),

(18, 'confirmed', '199 Anna Street, Villa 12, Bangalore', '2024-06-22'),
(18, 'delivered', '199 Anna Street, Villa 13, Bangalore', '2025-02-05'),

(19, 'pending', '44 Residency Lane, Apt 4D, Chennai', '2024-12-19'),
(19, 'shipped', '44 Residency Lane, Apt 5E, Chennai', '2025-02-25'),

(20, 'delivered', '31 MG Avenue, Block C, Hyderabad', '2024-10-01'),
(20, 'confirmed', '31 MG Avenue, Block D, Hyderabad', '2025-01-20');

INSERT INTO order_item (order_id, book_id, quantity, final_price, customization) VALUES
-- Order 1 (Customer 1)
(1, 5, 1, 299.00, JSON_OBJECT('gift_wrap', TRUE, 'message', 'Happy Birthday')),
(1, 12, 2, 900.00, JSON_OBJECT('gift_wrap', FALSE, 'message', '')),
(1, 23, 1, 199.00, JSON_OBJECT('gift_wrap', TRUE, 'message', 'Congratulations')),

-- Order 2 (Customer 1)
(2, 8, 1, 320.00, JSON_OBJECT('gift_wrap', FALSE, 'message', '')),
(2, 19, 2, 1100.00, JSON_OBJECT('gift_wrap', TRUE, 'message', 'Enjoy your reading')),

-- Order 3 (Customer 1)
(3, 2, 1, 420.00, JSON_OBJECT('gift_wrap', TRUE, 'message', 'Best wishes')),
(3, 16, 3, 540.00, JSON_OBJECT('gift_wrap', FALSE, 'message', '')),

-- Order 4 (Customer 2)
(4, 7, 2, 600.00, JSON_OBJECT('gift_wrap', TRUE, 'message', 'Gift for you')),
(4, 15, 1, 350.00, JSON_OBJECT('gift_wrap', FALSE, 'message', '')),
(4, 20, 1, 499.00, JSON_OBJECT('gift_wrap', TRUE, 'message', 'Special Edition')),

-- Order 5 (Customer 2)
(5, 10, 2, 500.00, JSON_OBJECT('gift_wrap', FALSE, 'message', '')),
(5, 18, 1, 390.00, JSON_OBJECT('gift_wrap', TRUE, 'message', 'For Dad')),

-- Order 6 (Customer 2)
(6, 4, 1, 275.00, JSON_OBJECT('gift_wrap', TRUE, 'message', 'New Year Gift')),
(6, 22, 2, 650.00, JSON_OBJECT('gift_wrap', FALSE, 'message', '')),

-- Order 7 (Customer 3)
(7, 6, 2, 398.00, JSON_OBJECT('gift_wrap', TRUE, 'message', 'Get well soon')),
(7, 9, 1, 210.00, JSON_OBJECT('gift_wrap', FALSE, 'message', '')),
(7, 13, 1, 340.00, JSON_OBJECT('gift_wrap', TRUE, 'message', 'Keep Learning')),

-- Order 8 (Customer 3)
(8, 3, 1, 280.00, JSON_OBJECT('gift_wrap', FALSE, 'message', '')),
(8, 11, 2, 720.00, JSON_OBJECT('gift_wrap', TRUE, 'message', 'Congrats on Job')),

-- Order 9 (Customer 3)
(9, 14, 1, 410.00, JSON_OBJECT('gift_wrap', FALSE, 'message', '')),
(9, 21, 3, 870.00, JSON_OBJECT('gift_wrap', TRUE, 'message', 'Anniversary Gift')),

-- Order 10 (Customer 4)
(10, 1, 2, 640.00, JSON_OBJECT('gift_wrap', TRUE, 'message', 'Happy Reading')),
(10, 17, 1, 320.00, JSON_OBJECT('gift_wrap', FALSE, 'message', '')),

-- Order 11 (Customer 4)
(11, 24, 2, 960.00, JSON_OBJECT('gift_wrap', TRUE, 'message', 'For Mom')),
(11, 19, 1, 560.00, JSON_OBJECT('gift_wrap', FALSE, 'message', '')),

-- Order 12 (Customer 4)
(12, 8, 1, 330.00, JSON_OBJECT('gift_wrap', TRUE, 'message', 'Good Luck')),
(12, 23, 2, 420.00, JSON_OBJECT('gift_wrap', FALSE, 'message', '')),

-- Order 13 (Customer 5)
(13, 5, 1, 300.00, JSON_OBJECT('gift_wrap', FALSE, 'message', '')),
(13, 14, 2, 820.00, JSON_OBJECT('gift_wrap', TRUE, 'message', 'Birthday Gift')),

-- Order 14 (Customer 5)
(14, 9, 1, 215.00, JSON_OBJECT('gift_wrap', TRUE, 'message', 'Get Inspired')),
(14, 18, 2, 720.00, JSON_OBJECT('gift_wrap', FALSE, 'message', '')),

-- Order 15 (Customer 5)
(15, 6, 1, 200.00, JSON_OBJECT('gift_wrap', FALSE, 'message', '')),
(15, 22, 2, 690.00, JSON_OBJECT('gift_wrap', TRUE, 'message', 'Wedding Gift'));

INSERT INTO shopping_cart (shop_cart_id, customer_id, created_at) VALUES
(1, 1, '2025-07-01 10:15:00'),
(2, 1, '2025-07-05 12:30:00'),
(3, 1, '2025-07-12 15:45:00'),
(4, 2, '2025-07-02 09:10:00'),
(5, 2, '2025-07-08 18:20:00'),
(6, 2, '2025-07-15 14:05:00'),
(7, 3, '2025-07-03 11:30:00'),
(8, 3, '2025-07-10 17:40:00'),
(9, 3, '2025-07-18 19:50:00'),
(10, 4, '2025-07-01 08:20:00'),
(11, 4, '2025-07-09 20:15:00'),
(12, 4, '2025-07-16 09:25:00'),
(13, 5, '2025-07-04 13:10:00'),
(14, 5, '2025-07-12 21:00:00'),
(15, 5, '2025-07-20 16:45:00'),
(16, 6, '2025-07-05 11:15:00'),
(17, 6, '2025-07-13 10:10:00'),
(18, 6, '2025-07-21 22:30:00'),
(19, 7, '2025-07-06 09:05:00'),
(20, 7, '2025-07-14 15:00:00'),
(21, 7, '2025-07-22 17:20:00'),
(22, 8, '2025-07-07 13:40:00'),
(23, 8, '2025-07-15 14:55:00'),
(24, 8, '2025-07-23 18:05:00'),
(25, 9, '2025-07-08 08:25:00'),
(26, 9, '2025-07-16 16:15:00'),
(27, 9, '2025-07-24 20:50:00'),
(28, 10, '2025-07-09 10:50:00'),
(29, 10, '2025-07-17 11:40:00'),
(30, 10, '2025-07-25 21:30:00'),
(31, 11, '2025-07-10 12:05:00'),
(32, 11, '2025-07-18 14:25:00'),
(33, 11, '2025-07-26 22:10:00'),
(34, 12, '2025-07-11 09:45:00'),
(35, 12, '2025-07-19 19:15:00'),
(36, 12, '2025-07-27 23:00:00'),
(37, 13, '2025-07-12 15:30:00'),
(38, 13, '2025-07-20 16:10:00'),
(39, 13, '2025-07-28 18:40:00'),
(40, 14, '2025-07-13 11:50:00');

INSERT INTO cart_item (shop_cart_id, book_id, quantity, customization) VALUES
(1, 5, 1, JSON_OBJECT('gift_wrap', TRUE, 'message', 'Happy Birthday')),
(1, 12, 2, JSON_OBJECT('gift_wrap', FALSE, 'message', '')),
(2, 8, 1, JSON_OBJECT('gift_wrap', TRUE, 'message', 'Best Wishes')),
(2, 19, 1, JSON_OBJECT('gift_wrap', FALSE, 'message', '')),
(3, 2, 3, JSON_OBJECT('gift_wrap', TRUE, 'message', 'Good Luck')),
(4, 7, 1, JSON_OBJECT('gift_wrap', FALSE, 'message', '')),
(4, 15, 2, JSON_OBJECT('gift_wrap', TRUE, 'message', 'Congrats')),
(5, 10, 1, JSON_OBJECT('gift_wrap', TRUE, 'message', 'Special Gift')),
(5, 18, 1, JSON_OBJECT('gift_wrap', FALSE, 'message', '')),
(6, 4, 2, JSON_OBJECT('gift_wrap', TRUE, 'message', 'New Year Gift')),
(6, 22, 1, JSON_OBJECT('gift_wrap', FALSE, 'message', '')),
(7, 6, 1, JSON_OBJECT('gift_wrap', TRUE, 'message', 'Get Well Soon')),
(7, 9, 1, JSON_OBJECT('gift_wrap', FALSE, 'message', '')),
(8, 13, 2, JSON_OBJECT('gift_wrap', TRUE, 'message', 'Gift for Kids')),
(8, 3, 1, JSON_OBJECT('gift_wrap', FALSE, 'message', '')),
(9, 11, 2, JSON_OBJECT('gift_wrap', TRUE, 'message', 'Congrats on Job')),
(9, 14, 1, JSON_OBJECT('gift_wrap', FALSE, 'message', '')),
(10, 1, 1, JSON_OBJECT('gift_wrap', TRUE, 'message', 'For Mom')),
(10, 17, 2, JSON_OBJECT('gift_wrap', FALSE, 'message', '')),
(11, 24, 1, JSON_OBJECT('gift_wrap', TRUE, 'message', 'Birthday Gift')),
(11, 19, 1, JSON_OBJECT('gift_wrap', FALSE, 'message', '')),
(12, 8, 2, JSON_OBJECT('gift_wrap', TRUE, 'message', 'Good Luck')),
(12, 23, 1, JSON_OBJECT('gift_wrap', FALSE, 'message', '')),
(13, 5, 1, JSON_OBJECT('gift_wrap', TRUE, 'message', '')),
(13, 14, 2, JSON_OBJECT('gift_wrap', FALSE, 'message', '')),
(14, 9, 1, JSON_OBJECT('gift_wrap', TRUE, 'message', 'Get Inspired')),
(14, 18, 1, JSON_OBJECT('gift_wrap', FALSE, 'message', '')),
(15, 6, 1, JSON_OBJECT('gift_wrap', TRUE, 'message', 'Wedding Gift')),
(15, 22, 2, JSON_OBJECT('gift_wrap', FALSE, 'message', '')),
(16, 7, 1, JSON_OBJECT('gift_wrap', TRUE, 'message', 'For Friend')),
(16, 15, 2, JSON_OBJECT('gift_wrap', FALSE, 'message', '')),
(17, 10, 1, JSON_OBJECT('gift_wrap', TRUE, 'message', 'Congrats')),
(17, 19, 1, JSON_OBJECT('gift_wrap', FALSE, 'message', '')),
(18, 3, 2, JSON_OBJECT('gift_wrap', TRUE, 'message', 'Study Hard')),
(18, 12, 1, JSON_OBJECT('gift_wrap', FALSE, 'message', '')),
(19, 8, 1, JSON_OBJECT('gift_wrap', TRUE, 'message', 'Good Day')),
(19, 16, 2, JSON_OBJECT('gift_wrap', FALSE, 'message', '')),
(20, 4, 1, JSON_OBJECT('gift_wrap', TRUE, 'message', 'For Dad')),
(20, 22, 1, JSON_OBJECT('gift_wrap', FALSE, 'message', '')),
(21, 5, 1, JSON_OBJECT('gift_wrap', TRUE, 'message', 'Happy Learning')),
(21, 13, 2, JSON_OBJECT('gift_wrap', FALSE, 'message', '')),
(22, 7, 1, JSON_OBJECT('gift_wrap', TRUE, 'message', 'Best Seller')),
(22, 21, 1, JSON_OBJECT('gift_wrap', FALSE, 'message', '')),
(23, 14, 1, JSON_OBJECT('gift_wrap', TRUE, 'message', 'For Colleague')),
(23, 20, 2, JSON_OBJECT('gift_wrap', FALSE, 'message', '')),
(24, 6, 1, JSON_OBJECT('gift_wrap', TRUE, 'message', 'Gift for Kid')),
(24, 18, 1, JSON_OBJECT('gift_wrap', FALSE, 'message', ''));


INSERT INTO book_review (customer_id, book_id, rating, review_text) VALUES
-- Book 1 has multiple reviews
(1, 1, 5, 'Absolutely loved this book! Highly recommend.'),
(2, 1, 4, 'Great story, but some parts were slow.'),
(3, 1, 5, 'A classic! Enjoyed every chapter.'),

-- Book 2 has multiple reviews
(2, 2, 4, 'Good story but a bit slow in the middle.'),
(4, 2, 3, 'Not bad, but expected more.'),
(5, 2, 4, 'Enjoyable read, nice plot twists.'),

-- Book 3 single review
(3, 3, 5, 'A timeless classic, must read!'),

-- Book 4 multiple reviews
(4, 4, 3, 'Interesting concepts but could be shorter.'),
(6, 4, 4, 'Good read, learned a lot.'),

-- Book 5 multiple reviews
(1, 5, 4, 'Great follow-up, enjoyed the characters.'),
(5, 5, 5, 'Loved it, very inspiring.'),
(7, 5, 3, 'It was okay, not memorable.'),

-- Book 6 single review
(2, 6, 5, 'Thrilling read, kept me hooked!'),

-- Book 7 single review
(7, 7, 2, 'Not my type of story.'),

-- Book 8 multiple reviews
(3, 8, 4, 'Very interesting, liked the writing style.'),
(8, 8, 5, 'Fantastic plot and character development.'),

-- Book 9 single review
(9, 9, 4, 'Good book, enjoyed the writing style.'),

-- Book 10 multiple reviews
(10, 10, 3, 'Average, expected more excitement.'),
(5, 10, 4, 'Better than expected, nice plot twists.'),

-- Continue similarly for other books
(10, 15, 4, 'Better than expected, nice plot twists.'),
(11, 11, 5, 'Loved every chapter!'),
(12, 12, 4, 'Very insightful, learned a lot.'),
(13, 13, 3, 'Okay read, nothing special.'),
(14, 14, 5, 'Could not put it down!'),
(15, 15, 4, 'Well-written and engaging.'),
(16, 16, 2, 'Didn’t enjoy the storyline.'),
(17, 17, 5, 'A masterpiece!'),
(18, 18, 4, 'Interesting ideas but pacing was slow.'),
(19, 19, 3, 'Average read.'),
(20, 20, 5, 'Highly recommended!'),
(21, 21, 4, 'Good book, worth reading.'),
(21, 25, 5, 'Loved it, very inspirational.'),
(22, 22, 3, 'It was okay, not memorable.'),
(23, 23, 5, 'Loved it, will read again!'),
(24, 24, 4, 'Great book, insightful ideas.'),
(25, 25, 3, 'Decent but not outstanding.'),
(26, 26, 5, 'Amazing story and characters.'),
(27, 27, 4, 'Very enjoyable read.'),
(28, 28, 2, 'Didn’t meet expectations.'),
(29, 29, 5, 'Incredible book, highly recommend.'),
(30, 30, 4, 'Good read, learned something new.'),
(31, 31, 3, 'Average, could be better.'),
(32, 32, 5, 'Loved every bit of it!'),
(33, 33, 4, 'Interesting, well-written.'),
(34, 34, 3, 'Not very engaging.'),
(35, 35, 5, 'Fantastic book!'),
(36, 36, 4, 'Good story, enjoyed it.'),
(37, 37, 2, 'Didn’t like it much.'),
(38, 38, 5, 'Excellent read, very inspiring.'),
(39, 39, 4, 'Nice book, worth checking out.'),
(40, 40, 3, 'Okay, not the best.');

-- Subscription: 40 rows
INSERT INTO subscription (customer_id, start_date, end_date, subscription_type, subscription_benefits) VALUES
(1, '2025-01-01', '2025-06-30', 'basic', '{"access_level":"limited","free_books_per_month":1}'),
(2, '2025-02-01', '2025-08-01', 'plus', '{"access_level":"medium","free_books_per_month":3}'),
(3, '2025-03-05', '2025-09-05', 'premium', '{"access_level":"full","free_books_per_month":5}'),
(4, '2025-01-15', '2025-07-15', 'basic', '{"access_level":"limited","free_books_per_month":1}'),
(5, '2025-02-20', '2025-08-20', 'plus', '{"access_level":"medium","free_books_per_month":3}'),
(6, '2025-03-10', '2025-09-10', 'premium', '{"access_level":"full","free_books_per_month":5}'),
(7, '2025-01-05', '2025-07-05', 'basic', '{"access_level":"limited","free_books_per_month":1}'),
(8, '2025-02-10', '2025-08-10', 'plus', '{"access_level":"medium","free_books_per_month":3}'),
(9, '2025-03-15', '2025-09-15', 'premium', '{"access_level":"full","free_books_per_month":5}'),
(10, '2025-01-25', '2025-07-25', 'basic', '{"access_level":"limited","free_books_per_month":1}'),
(11, '2025-02-05', '2025-08-05', 'plus', '{"access_level":"medium","free_books_per_month":3}'),
(12, '2025-03-20', '2025-09-20', 'premium', '{"access_level":"full","free_books_per_month":5}'),
(13, '2025-01-18', '2025-07-18', 'basic', '{"access_level":"limited","free_books_per_month":1}'),
(14, '2025-02-22', '2025-08-22', 'plus', '{"access_level":"medium","free_books_per_month":3}'),
(15, '2025-03-12', '2025-09-12', 'premium', '{"access_level":"full","free_books_per_month":5}'),
(16, '2025-01-08', '2025-07-08', 'basic', '{"access_level":"limited","free_books_per_month":1}'),
(17, '2025-02-18', '2025-08-18', 'plus', '{"access_level":"medium","free_books_per_month":3}'),
(18, '2025-03-22', '2025-09-22', 'premium', '{"access_level":"full","free_books_per_month":5}'),
(19, '2025-01-12', '2025-07-12', 'basic', '{"access_level":"limited","free_books_per_month":1}'),
(20, '2025-02-28', '2025-08-28', 'plus', '{"access_level":"medium","free_books_per_month":3}'),
(21, '2025-03-02', '2025-09-02', 'premium', '{"access_level":"full","free_books_per_month":5}'),
(22, '2025-01-28', '2025-07-28', 'basic', '{"access_level":"limited","free_books_per_month":1}'),
(23, '2025-02-12', '2025-08-12', 'plus', '{"access_level":"medium","free_books_per_month":3}'),
(24, '2025-03-18', '2025-09-18', 'premium', '{"access_level":"full","free_books_per_month":5}'),
(25, '2025-01-03', '2025-07-03', 'basic', '{"access_level":"limited","free_books_per_month":1}'),
(26, '2025-02-07', '2025-08-07', 'plus', '{"access_level":"medium","free_books_per_month":3}'),
(27, '2025-03-08', '2025-09-08', 'premium', '{"access_level":"full","free_books_per_month":5}'),
(28, '2025-01-22', '2025-07-22', 'basic', '{"access_level":"limited","free_books_per_month":1}'),
(29, '2025-02-14', '2025-08-14', 'plus', '{"access_level":"medium","free_books_per_month":3}'),
(30, '2025-03-25', '2025-09-25', 'premium', '{"access_level":"full","free_books_per_month":5}'),
(31, '2025-01-11', '2025-07-11', 'basic', '{"access_level":"limited","free_books_per_month":1}'),
(32, '2025-02-25', '2025-08-25', 'plus', '{"access_level":"medium","free_books_per_month":3}'),
(33, '2025-03-07', '2025-09-07', 'premium', '{"access_level":"full","free_books_per_month":5}'),
(34, '2025-01-16', '2025-07-16', 'basic', '{"access_level":"limited","free_books_per_month":1}'),
(35, '2025-02-19', '2025-08-19', 'plus', '{"access_level":"medium","free_books_per_month":3}'),
(36, '2025-03-21', '2025-09-21', 'premium', '{"access_level":"full","free_books_per_month":5}'),
(37, '2025-01-06', '2025-07-06', 'basic', '{"access_level":"limited","free_books_per_month":1}'),
(38, '2025-02-11', '2025-08-11', 'plus', '{"access_level":"medium","free_books_per_month":3}'),
(39, '2025-03-17', '2025-09-17', 'premium', '{"access_level":"full","free_books_per_month":5}'),
(40, '2025-01-09', '2025-07-09', 'basic', '{"access_level":"limited","free_books_per_month":1}');


INSERT INTO promotion (promo_code, discount, start_date, end_date) VALUES
('NEWYEAR10', 10.00, '2025-01-01', '2025-01-31'),
('SUMMER15', 15.00, '2025-06-01', '2025-06-30'),
('FESTIVE20', 20.00, '2025-10-01', '2025-10-31'),
('WELCOME5', 5.00, '2025-01-01', '2025-12-31'),
('VIP25', 25.00, '2025-02-01', '2025-02-28'),
('SPRING12', 12.00, '2025-03-01', '2025-03-31'),
('AUTUMN18', 18.00, '2025-09-01', '2025-09-30'),
('FLASH30', 30.00, '2025-07-10', '2025-07-15'),
('LOYAL10', 10.00, '2025-01-01', '2025-12-31'),
('BIGSALE50', 50.00, '2025-11-01', '2025-11-30'),
('WINTER5', 5.00, '2025-12-01', '2025-12-31'),
('FALL20', 20.00, '2025-10-01', '2025-10-31'),
('MIDYEAR15', 15.00, '2025-06-01', '2025-06-15'),
('HOLIDAY25', 25.00, '2025-12-20', '2025-12-31'),
('CLEARANCE30', 30.00, '2025-08-01', '2025-08-15'),
('FLASH5', 5.00, '2025-09-01', '2025-09-05'),
('VIP50', 50.00, '2025-02-01', '2025-02-28'),
('SPRING20', 20.00, '2025-03-01', '2025-03-31'),
('SUMMER10', 10.00, '2025-06-01', '2025-06-30'),
('WELCOME15', 15.00, '2025-01-01', '2025-12-31'),
('LOYAL20', 20.00, '2025-01-01', '2025-12-31'),
('BIGSALE25', 25.00, '2025-11-01', '2025-11-30'),
('FESTIVE10', 10.00, '2025-10-01', '2025-10-31'),
('MIDYEAR5', 5.00, '2025-06-01', '2025-06-15'),
('HOLIDAY10', 10.00, '2025-12-20', '2025-12-31'),
('CLEARANCE15', 15.00, '2025-08-01', '2025-08-15'),
('FLASH20', 20.00, '2025-09-01', '2025-09-05'),
('VIP30', 30.00, '2025-02-01', '2025-02-28'),
('SPRING5', 5.00, '2025-03-01', '2025-03-31'),
('SUMMER25', 25.00, '2025-06-01', '2025-06-30'),
('WELCOME20', 20.00, '2025-01-01', '2025-12-31'),
('LOYAL5', 5.00, '2025-01-01', '2025-12-31'),
('BIGSALE15', 15.00, '2025-11-01', '2025-11-30'),
('FESTIVE5', 5.00, '2025-10-01', '2025-10-31'),
('MIDYEAR10', 10.00, '2025-06-01', '2025-06-15'),
('HOLIDAY5', 5.00, '2025-12-20', '2025-12-31'),
('CLEARANCE20', 20.00, '2025-08-01', '2025-08-15'),
('FLASH10', 10.00, '2025-09-01', '2025-09-05'),
('VIP15', 15.00, '2025-02-01', '2025-02-28'),
('SPRING25', 25.00, '2025-03-01', '2025-03-31');

-- Payment: 40 rows
INSERT INTO payment (customer_id, order_id, payment_method, amount, promotion_id, discount, payment_status, payment_details, payment_done_date) VALUES
(1, 1, 'credit-card', 500.00, 1, 10.00, 'completed', '{"card_last4":"1234","bank":"HDFC"}', '2025-01-05 10:00:00'),
(2, 2, 'google-pay', 1200.00, NULL, 0.00, 'completed', '{"upi_id":"user2@upi"}', '2025-01-06 11:15:00'),
(3, 3, 'debit-card', 750.00, 2, 15.00, 'completed', '{"card_last4":"5678","bank":"SBI"}', '2025-01-07 09:45:00'),
(4, 4, 'cash on delivery', 400.00, NULL, 0.00, 'pending', '{}', '2025-01-08 12:00:00'),
(5, 5, 'credit-card', 950.00, 3, 5.00, 'completed', '{"card_last4":"4321","bank":"ICICI"}', '2025-01-09 14:30:00'),
(6, 6, 'google-pay', 1300.00, NULL, 0.00, 'failed', '{"upi_id":"user6@upi"}', '2025-01-10 16:00:00'),
(7, 7, 'debit-card', 800.00, 4, 20.00, 'completed', '{"card_last4":"8765","bank":"Axis"}', '2025-01-11 13:45:00'),
(8, 8, 'cash on delivery', 600.00, NULL, 0.00, 'completed', '{}', '2025-01-12 11:20:00'),
(9, 9, 'credit-card', 1100.00, 5, 10.00, 'completed', '{"card_last4":"1357","bank":"Kotak"}', '2025-01-13 15:00:00'),
(10, 10, 'google-pay', 700.00, NULL, 0.00, 'completed', '{"upi_id":"user10@upi"}', '2025-01-14 10:10:00'),
(11, 11, 'debit-card', 900.00, 6, 15.00, 'completed', '{"card_last4":"2468","bank":"HDFC"}', '2025-01-15 09:30:00'),
(12, 12, 'cash on delivery', 500.00, NULL, 0.00, 'pending', '{}', '2025-01-16 12:50:00'),
(13, 13, 'credit-card', 1250.00, 7, 25.00, 'completed', '{"card_last4":"9753","bank":"SBI"}', '2025-01-17 14:20:00'),
(14, 14, 'google-pay', 650.00, NULL, 0.00, 'completed', '{"upi_id":"user14@upi"}', '2025-01-18 11:35:00'),
(15, 15, 'debit-card', 1050.00, 8, 5.00, 'completed', '{"card_last4":"8642","bank":"ICICI"}', '2025-01-19 13:40:00'),
(16, 16, 'cash on delivery', 450.00, NULL, 0.00, 'completed', '{}', '2025-01-20 10:55:00'),
(17, 17, 'credit-card', 1150.00, 9, 10.00, 'completed', '{"card_last4":"7531","bank":"Axis"}', '2025-01-21 15:10:00'),
(18, 18, 'google-pay', 800.00, NULL, 0.00, 'completed', '{"upi_id":"user18@upi"}', '2025-01-22 12:25:00'),
(19, 19, 'debit-card', 950.00, 10, 10.00, 'completed', '{"card_last4":"1597","bank":"Kotak"}', '2025-01-23 14:50:00'),
(20, 20, 'cash on delivery', 700.00, NULL, 0.00, 'pending', '{}', '2025-01-24 11:05:00'),
(21, 21, 'credit-card', 1300.00, 11, 20.00, 'completed', '{"card_last4":"3579","bank":"HDFC"}', '2025-01-25 16:15:00'),
(22, 22, 'google-pay', 750.00, NULL, 0.00, 'completed', '{"upi_id":"user22@upi"}', '2025-01-26 09:45:00'),
(23, 23, 'debit-card', 1200.00, 12, 30.00, 'completed', '{"card_last4":"4682","bank":"SBI"}', '2025-01-27 13:35:00'),
(24, 24, 'cash on delivery', 500.00, NULL, 0.00, 'completed', '{}', '2025-01-28 12:20:00'),
(25, 25, 'credit-card', 1100.00, 13, 10.00, 'completed', '{"card_last4":"7536","bank":"ICICI"}', '2025-01-29 15:45:00'),
(26, 26, 'google-pay', 900.00, NULL, 0.00, 'failed', '{"upi_id":"user26@upi"}', '2025-01-30 11:50:00'),
(27, 27, 'debit-card', 1000.00, 14, 15.00, 'completed', '{"card_last4":"1593","bank":"Axis"}', '2025-01-31 14:10:00'),
(28, 28, 'cash on delivery', 650.00, NULL, 0.00, 'pending', '{}', '2025-02-01 10:05:00'),
(29, 29, 'credit-card', 1200.00, 15, 15.00, 'completed', '{"card_last4":"3571","bank":"Kotak"}', '2025-02-02 13:20:00'),
(30, 30, 'google-pay', 800.00, NULL, 0.00, 'completed', '{"upi_id":"user30@upi"}', '2025-02-03 12:40:00'),
(31, 31, 'debit-card', 950.00, 16, 10.00, 'completed', '{"card_last4":"7539","bank":"HDFC"}', '2025-02-04 14:55:00'),
(32, 32, 'cash on delivery', 500.00, NULL, 0.00, 'completed', '{}', '2025-02-05 11:15:00'),
(33, 33, 'credit-card', 1250.00, 17, 25.00, 'completed', '{"card_last4":"8643","bank":"SBI"}', '2025-02-06 15:35:00'),
(34, 34, 'google-pay', 700.00, NULL, 0.00, 'completed', '{"upi_id":"user34@upi"}', '2025-02-07 10:50:00'),
(35, 35, 'debit-card', 1050.00, 18, 15.00, 'completed', '{"card_last4":"1598","bank":"ICICI"}', '2025-02-08 14:20:00'),
(36, 36, 'cash on delivery', 450.00, NULL, 0.00, 'pending', '{}', '2025-02-09 12:05:00'),
(37, 37, 'credit-card', 1150.00, 19, 10.00, 'completed', '{"card_last4":"3576","bank":"Axis"}', '2025-02-10 15:10:00'),
(38, 38, 'google-pay', 800.00, NULL, 0.00, 'completed', '{"upi_id":"user38@upi"}', '2025-02-11 11:25:00'),
(39, 39, 'debit-card', 950.00, 20, 10.00, 'completed', '{"card_last4":"7538","bank":"Kotak"}', '2025-02-12 14:40:00'),
(40, 40, 'cash on delivery', 700.00, NULL, 0.00, 'completed', '{}', '2025-02-13 10:10:00');




INSERT INTO activity_log (customer_id, book_id, order_id, user_activity, created_at) VALUES
(1, 1, 1, 'login', '2025-01-01 08:00:00'),
(1, 2, 1, 'view_book', '2025-01-01 08:10:00'),
(1, 3, 1, 'add_to_cart', '2025-01-01 08:15:00'),
(1, 1, 1, 'place_order', '2025-01-01 08:30:00'),
(2, 2, 2, 'login', '2025-01-02 09:00:00'),
(2, 3, 2, 'view_book', '2025-01-02 09:05:00'),
(2, 4, 2, 'add_to_cart', '2025-01-02 09:10:00'),
(2, 2, 2, 'place_order', '2025-01-02 09:25:00'),
(3, 5, 3, 'login', '2025-01-03 10:00:00'),
(3, 6, 3, 'view_book', '2025-01-03 10:10:00'),
(3, 5, 3, 'add_to_cart', '2025-01-03 10:15:00'),
(3, 5, 3, 'write_review', '2025-01-04 11:00:00'),
(4, 7, 4, 'login', '2025-01-04 08:00:00'),
(4, 8, 4, 'view_book', '2025-01-04 08:10:00'),
(4, 8, 4, 'add_to_cart', '2025-01-04 08:20:00'),
(4, 7, 4, 'place_order', '2025-01-04 08:30:00'),
(5, 9, 5, 'login', '2025-01-05 09:00:00'),
(5, 10, 5, 'view_book', '2025-01-05 09:10:00'),
(5, 10, 5, 'add_to_cart', '2025-01-05 09:15:00'),
(5, 10, 5, 'make_payment', '2025-01-05 09:30:00'),
(6, 11, 6, 'login', '2025-01-06 08:00:00'),
(6, 12, 6, 'view_book', '2025-01-06 08:10:00'),
(6, 12, 6, 'add_to_cart', '2025-01-06 08:15:00'),
(6, 11, 6, 'place_order', '2025-01-06 08:30:00'),
(7, 13, 7, 'login', '2025-01-07 08:00:00'),
(7, 14, 7, 'view_book', '2025-01-07 08:10:00'),
(7, 14, 7, 'add_to_cart', '2025-01-07 08:20:00'),
(7, 13, 7, 'place_order', '2025-01-07 08:35:00'),
(8, 15, 8, 'login', '2025-01-08 09:00:00'),
(8, 16, 8, 'view_book', '2025-01-08 09:05:00'),
(8, 16, 8, 'write_review', '2025-01-08 09:20:00'),
(9, 17, 9, 'login', '2025-01-09 08:00:00'),
(9, 18, 9, 'view_book', '2025-01-09 08:10:00'),
(9, 18, 9, 'add_to_cart', '2025-01-09 08:15:00'),
(9, 17, 9, 'place_order', '2025-01-09 08:25:00'),
(10, 19, 10, 'login', '2025-01-10 09:00:00'),
(10, 20, 10, 'view_book', '2025-01-10 09:05:00'),
(10, 20, 10, 'make_payment', '2025-01-10 09:15:00'),
(11, 21, 11, 'login', '2025-01-11 08:00:00'),
(11, 21, 11, 'view_book', '2025-01-11 08:10:00'),
(11, 21, 11, 'write_review', '2025-01-11 08:20:00'),
(12, 22, 12, 'login', '2025-01-12 09:00:00'),
(12, 22, 12, 'view_book', '2025-01-12 09:10:00'),
(12, 22, 12, 'add_to_cart', '2025-01-12 09:15:00');


INSERT INTO shipment (order_id, shipment_status, created_at, delivery_date) VALUES
(1, 'shipped', '2025-01-01 10:00:00', '2025-01-05'),
(2, 'delivered', '2025-01-02 11:00:00', '2025-01-07'),
(3, 'pending', '2025-01-03 09:30:00', '2025-01-10'),
(4, 'delayed', '2025-01-04 08:00:00', '2025-01-12'),
(5, 'shipped', '2025-01-05 12:00:00', '2025-01-09'),
(6, 'delivered', '2025-01-06 13:00:00', '2025-01-11'),
(7, 'pending', '2025-01-07 14:00:00', '2025-01-15'),
(8, 'shipped', '2025-01-08 15:00:00', '2025-01-12'),
(9, 'delivered', '2025-01-09 16:00:00', '2025-01-13'),
(10, 'delayed', '2025-01-10 17:00:00', '2025-01-18'),
(11, 'shipped', '2025-01-11 10:00:00', '2025-01-16'),
(12, 'pending', '2025-01-12 11:30:00', '2025-01-20'),
(13, 'delivered', '2025-01-13 12:00:00', '2025-01-17'),
(14, 'shipped', '2025-01-14 13:00:00', '2025-01-19'),
(15, 'pending', '2025-01-15 14:00:00', '2025-01-22'),
(16, 'delayed', '2025-01-16 15:00:00', '2025-01-25'),
(17, 'shipped', '2025-01-17 16:00:00', '2025-01-21'),
(18, 'delivered', '2025-01-18 17:00:00', '2025-01-23'),
(19, 'pending', '2025-01-19 08:00:00', '2025-01-26'),
(20, 'shipped', '2025-01-20 09:00:00', '2025-01-24'),
(21, 'delivered', '2025-01-21 10:00:00', '2025-01-27'),
(22, 'pending', '2025-01-22 11:00:00', '2025-01-29'),
(23, 'shipped', '2025-01-23 12:00:00', '2025-01-28'),
(24, 'delivered', '2025-01-24 13:00:00', '2025-01-30'),
(25, 'pending', '2025-01-25 14:00:00', '2025-02-02'),
(26, 'shipped', '2025-01-26 15:00:00', '2025-02-01'),
(27, 'delivered', '2025-01-27 16:00:00', '2025-02-03'),
(28, 'pending', '2025-01-28 17:00:00', '2025-02-05'),
(29, 'shipped', '2025-01-29 08:00:00', '2025-02-03'),
(30, 'delayed', '2025-01-30 09:00:00', '2025-02-07'),
(31, 'shipped', '2025-01-31 10:00:00', '2025-02-05'),
(32, 'delivered', '2025-02-01 11:00:00', '2025-02-08'),
(33, 'pending', '2025-02-02 12:00:00', '2025-02-10'),
(34, 'shipped', '2025-02-03 13:00:00', '2025-02-09'),
(35, 'delivered', '2025-02-04 14:00:00', '2025-02-11'),
(36, 'pending', '2025-02-05 15:00:00', '2025-02-12'),
(37, 'shipped', '2025-02-06 16:00:00', '2025-02-13'),
(38, 'delivered', '2025-02-07 17:00:00', '2025-02-14'),
(39, 'pending', '2025-02-08 08:00:00', '2025-02-16'),
(40, 'shipped', '2025-02-09 09:00:00', '2025-02-15');

insert into wallet (customer_id, balance, lastly_updated) values
(1, 250.75, '2025-07-10 14:23:00'),
(2, 1200.00, '2025-08-02 09:12:00'),
(3, 50.00, '2025-07-18 20:45:00'),
(4, 789.99, '2025-08-20 11:05:00'),
(5, 0.50, '2025-08-15 16:35:00'),
(6, 430.25, '2025-07-30 18:10:00'),
(7, 10250.00, '2025-08-05 10:50:00'),
(8, 890.00, '2025-07-22 13:00:00'),
(9, 65.40, '2025-08-19 17:15:00'),
(10, 2000.00, '2025-08-01 08:30:00'),
(11, 349.95, '2025-07-28 21:20:00'),
(12, 500.00, '2025-07-12 12:45:00'),
(13, 7800.00, '2025-08-21 14:10:00'),
(14, 60.00, '2025-08-16 07:50:00'),
(15, 150.75, '2025-07-25 19:30:00'),
(16, 999.00, '2025-08-10 09:40:00'),
(17, 320.25, '2025-08-14 22:05:00'),
(18, 75.00, '2025-07-19 11:55:00'),
(19, 510.00, '2025-08-09 20:30:00'),
(20, 1299.50, '2025-08-11 15:25:00'),
(21, 20.00, '2025-07-21 18:40:00'),
(22, 2700.00, '2025-08-12 09:10:00'),
(23, 850.00, '2025-07-17 12:20:00'),
(24, 45.25, '2025-08-18 14:55:00'),
(25, 15000.00, '2025-08-03 08:00:00'),
(26, 310.00, '2025-07-23 20:15:00'),
(27, 975.75, '2025-08-06 19:05:00'),
(28, 200.00, '2025-08-07 21:35:00'),
(29, 680.00, '2025-07-29 10:25:00'),
(30, 105.50, '2025-07-31 13:40:00'),
(31, 420.00, '2025-08-08 16:45:00'),
(32, 2500.00, '2025-08-17 11:30:00'),
(33, 700.00, '2025-08-04 17:25:00'),
(34, 132.10, '2025-08-13 20:50:00'),
(35, 5100.00, '2025-07-20 15:15:00'),
(36, 75.75, '2025-07-27 09:05:00'),
(37, 880.00, '2025-08-22 19:40:00'),
(38, 199.99, '2025-08-23 22:15:00'),
(39, 60.50, '2025-07-24 18:20:00'),
(40, 640.00, '2025-08-24 13:55:00');

